alg,puzzle_size,f%,instance_id,instance_path,ants,subcolonies,q0,rho,bve,safreq,saAccept,timeout,success_rate,time_mean,time_std,iter_mean,with_comm,without_comm
2,25x25,40,9,,10,4,0.9,0.9,0.005,50,0,120.0,100.0,0.94355,0.61305,36.26,1,99
2,25x25,40,10,,10,4,0.9,0.9,0.005,50,0,120.0,100.0,0.66143,0.57114,24.79,1,99
2,25x25,40,30,,10,4,0.9,0.9,0.005,50,0,120.0,100.0,1.07173,0.95715,38.22,3,97
2,25x25,40,50,,10,4,0.9,0.9,0.005,50,0,120.0,100.0,1.65908,1.30227,54.42,11,89
2,25x25,40,57,,10,4,0.9,0.9,0.005,50,0,120.0,100.0,1.14883,0.80063,39.25,4,96
2,25x25,40,62,,10,4,0.9,0.9,0.005,50,0,120.0,100.0,1.70978,1.62636,56.44,9,91
2,25x25,40,79,,10,4,0.9,0.9,0.005,50,0,120.0,100.0,1.12811,0.82635,34.31,1,99
2,25x25,40,80,,10,4,0.9,0.9,0.005,50,0,120.0,100.0,0.74322,0.46345,22.61,0,100
2,25x25,40,89,,10,4,0.9,0.9,0.005,50,0,120.0,100.0,0.85057,0.58657,27.91,0,100
2,25x25,40,99,,10,4,0.9,0.9,0.005,50,0,120.0,100.0,1.30958,1.27119,36.85,3,97
2,25x25,45,1,,10,4,0.9,0.9,0.005,50,0,120.0,80.0,9.62153,15.84559,300.46,57,23
2,25x25,45,2,,10,4,0.9,0.9,0.005,50,0,120.0,100.0,4.24372,9.60238,148.79,28,72
2,25x25,45,3,,10,4,0.9,0.9,0.005,50,0,120.0,99.0,3.52514,4.0828,104.89,29,70
2,25x25,45,4,,10,4,0.9,0.9,0.005,50,0,120.0,97.0,3.71207,8.18776,116.9,32,65
2,25x25,45,6,,10,4,0.9,0.9,0.005,50,0,120.0,99.0,2.81343,3.25175,96.43,32,67
2,25x25,45,7,,10,4,0.9,0.9,0.005,50,0,120.0,100.0,3.26005,10.10131,97.32,16,84
2,25x25,45,8,,10,4,0.9,0.9,0.005,50,0,120.0,100.0,1.53904,2.32089,46.55,10,90
2,25x25,45,11,,10,4,0.9,0.9,0.005,50,0,120.0,100.0,1.87564,2.30457,68.99,15,85
2,25x25,45,14,,10,4,0.9,0.9,0.005,50,0,120.0,100.0,0.80478,1.08887,28.46,3,97
2,25x25,45,15,,10,4,0.9,0.9,0.005,50,0,120.0,100.0,5.38696,8.42684,139.43,43,57
2,25x25,45,16,,10,4,0.9,0.9,0.005,50,0,120.0,100.0,2.9495,5.14828,74.08,20,80
2,25x25,45,17,,10,4,0.9,0.9,0.005,50,0,120.0,100.0,1.92909,1.86055,53.1,9,91
2,25x25,45,18,,10,4,0.9,0.9,0.005,50,0,120.0,100.0,1.2548,1.30084,36.33,6,94
2,25x25,45,19,,10,4,0.9,0.9,0.005,50,0,120.0,99.0,4.98382,8.1025,136.92,41,58
2,25x25,45,21,,10,4,0.9,0.9,0.005,50,0,120.0,97.0,6.3805,10.96805,166.11,45,52
2,25x25,45,23,,10,4,0.9,0.9,0.005,50,0,120.0,100.0,2.29328,2.78182,63.04,14,86
2,25x25,45,24,,10,4,0.9,0.9,0.005,50,0,120.0,85.0,19.14317,26.01347,443.09,67,18
2,25x25,45,26,,10,4,0.9,0.9,0.005,50,0,120.0,100.0,2.84902,3.38332,107.17,34,66
2,25x25,45,29,,10,4,0.9,0.9,0.005,50,0,120.0,100.0,1.93845,2.30353,73.79,16,84
2,25x25,45,32,,10,4,0.9,0.9,0.005,50,0,120.0,100.0,1.06462,0.8943,43.43,4,96
2,25x25,45,33,,10,4,0.9,0.9,0.005,50,0,120.0,100.0,1.76279,2.00806,71.26,19,81
2,25x25,45,34,,10,4,0.9,0.9,0.005,50,0,120.0,84.0,5.72994,12.9301,214.94,38,46
2,25x25,45,35,,10,4,0.9,0.9,0.005,50,0,120.0,86.0,11.22403,19.7175,386.99,59,27
2,25x25,45,36,,10,4,0.9,0.9,0.005,50,0,120.0,99.0,4.11575,6.00549,140.89,40,59
2,25x25,45,37,,10,4,0.9,0.9,0.005,50,0,120.0,100.0,2.91287,5.49763,102.76,29,71
2,25x25,45,40,,10,4,0.9,0.9,0.005,50,0,120.0,100.0,0.8076,1.12749,31.96,4,96
2,25x25,45,41,,10,4,0.9,0.9,0.005,50,0,120.0,100.0,3.11772,8.03006,109.79,30,70
2,25x25,45,43,,10,4,0.9,0.9,0.005,50,0,120.0,79.0,11.99193,20.96079,403.76,54,25
2,25x25,45,46,,10,4,0.9,0.9,0.005,50,0,120.0,100.0,1.21859,1.29015,40.49,4,96
2,25x25,45,51,,10,4,0.9,0.9,0.005,50,0,120.0,99.0,1.39925,1.53953,49.33,10,89
2,25x25,45,52,,10,4,0.9,0.9,0.005,50,0,120.0,100.0,0.8223,0.70886,33.12,1,99
2,25x25,45,54,,10,4,0.9,0.9,0.005,50,0,120.0,97.0,3.54403,7.22999,114.77,25,72
2,25x25,45,56,,10,4,0.9,0.9,0.005,50,0,120.0,100.0,1.97655,3.04871,70.95,16,84
2,25x25,45,57,,10,4,0.9,0.9,0.005,50,0,120.0,99.0,4.75796,8.45954,152.62,45,54
2,25x25,45,58,,10,4,0.9,0.9,0.005,50,0,120.0,100.0,5.06071,6.23372,125.28,45,55
2,25x25,45,59,,10,4,0.9,0.9,0.005,50,0,120.0,100.0,2.26056,2.20127,58.92,14,86
2,25x25,45,62,,10,4,0.9,0.9,0.005,50,0,120.0,100.0,3.52587,10.98574,92.62,15,85
2,25x25,45,63,,10,4,0.9,0.9,0.005,50,0,120.0,71.0,19.03465,27.00666,407.58,50,21
2,25x25,45,64,,10,4,0.9,0.9,0.005,50,0,120.0,100.0,3.44969,4.76477,86.39,21,79
2,25x25,45,65,,10,4,0.9,0.9,0.005,50,0,120.0,100.0,5.20916,14.44687,122.93,23,77
2,25x25,45,67,,10,4,0.9,0.9,0.005,50,0,120.0,100.0,2.81168,2.64041,71.13,19,81
2,25x25,45,69,,10,4,0.9,0.9,0.005,50,0,120.0,95.0,5.69748,13.06106,140.18,30,65
2,25x25,45,71,,10,4,0.9,0.9,0.005,50,0,120.0,100.0,2.2345,1.96857,47.46,9,91
2,25x25,45,72,,10,4,0.9,0.9,0.005,50,0,120.0,99.0,6.43086,7.59836,125.36,39,60
2,25x25,45,73,,10,4,0.9,0.9,0.005,50,0,120.0,100.0,1.83802,4.65786,44.38,4,96
2,25x25,45,75,,10,4,0.9,0.9,0.005,50,0,120.0,100.0,2.22517,2.26845,56.32,16,84
2,25x25,45,76,,10,4,0.9,0.9,0.005,50,0,120.0,100.0,1.19873,0.9416,33.82,2,98
2,25x25,45,77,,10,4,0.9,0.9,0.005,50,0,120.0,85.0,14.07179,21.44252,322.66,57,28
2,25x25,45,82,,10,4,0.9,0.9,0.005,50,0,120.0,98.0,6.98707,12.30463,171.9,47,51
2,25x25,45,83,,10,4,0.9,0.9,0.005,50,0,120.0,100.0,1.31079,1.49797,34.0,4,96
2,25x25,45,84,,10,4,0.9,0.9,0.005,50,0,120.0,100.0,2.31665,2.60969,61.68,13,87
2,25x25,45,85,,10,4,0.9,0.9,0.005,50,0,120.0,99.0,6.40347,12.11307,156.89,38,61
2,25x25,45,86,,10,4,0.9,0.9,0.005,50,0,120.0,100.0,4.4299,5.80556,111.01,31,69
2,25x25,45,87,,10,4,0.9,0.9,0.005,50,0,120.0,100.0,3.03768,9.73213,77.66,17,83
2,25x25,45,88,,10,4,0.9,0.9,0.005,50,0,120.0,100.0,1.63675,1.72879,46.84,8,92
2,25x25,45,89,,10,4,0.9,0.9,0.005,50,0,120.0,100.0,7.5681,8.63058,153.47,51,49
2,25x25,45,90,,10,4,0.9,0.9,0.005,50,0,120.0,100.0,3.17293,4.39704,83.24,20,80
2,25x25,45,92,,10,4,0.9,0.9,0.005,50,0,120.0,100.0,0.93773,0.71828,27.77,0,100
2,25x25,45,93,,10,4,0.9,0.9,0.005,50,0,120.0,96.0,7.22899,8.32624,147.5,45,51
2,25x25,45,95,,10,4,0.9,0.9,0.005,50,0,120.0,89.0,9.54875,17.35006,218.37,43,46
2,25x25,45,96,,10,4,0.9,0.9,0.005,50,0,120.0,100.0,1.30169,1.18233,35.62,5,95
2,25x25,45,97,,10,4,0.9,0.9,0.005,50,0,120.0,38.0,14.7555,19.75321,512.26,29,9
2,25x25,45,99,,10,4,0.9,0.9,0.005,50,0,120.0,100.0,1.43953,1.76609,65.67,15,85
2,25x25,50,1,,10,4,0.9,0.9,0.005,50,0,120.0,100.0,0.28203,0.54384,17.76,4,96
2,25x25,50,9,,10,4,0.9,0.9,0.005,50,0,120.0,100.0,2.0682,3.53727,120.33,26,74
2,25x25,50,11,,10,4,0.9,0.9,0.005,50,0,120.0,100.0,0.11969,0.19986,9.01,1,99
2,25x25,50,14,,10,4,0.9,0.9,0.005,50,0,120.0,100.0,0.47983,1.07729,33.45,9,91
2,25x25,50,16,,10,4,0.9,0.9,0.005,50,0,120.0,100.0,0.12077,0.08425,8.12,0,100
2,25x25,50,17,,10,4,0.9,0.9,0.005,50,0,120.0,97.0,0.3443,0.57892,24.21,4,93
2,25x25,50,18,,10,4,0.9,0.9,0.005,50,0,120.0,57.0,1.08236,3.55456,66.6,8,49
2,25x25,50,21,,10,4,0.9,0.9,0.005,50,0,120.0,100.0,0.0978,0.13396,7.45,0,100
2,25x25,50,26,,10,4,0.9,0.9,0.005,50,0,120.0,88.0,2.70859,7.47226,165.49,13,75
2,25x25,50,29,,10,4,0.9,0.9,0.005,50,0,120.0,100.0,1.12636,7.29265,58.63,5,95
2,25x25,50,34,,10,4,0.9,0.9,0.005,50,0,120.0,99.0,0.96081,1.21737,53.02,14,85
2,25x25,50,44,,10,4,0.9,0.9,0.005,50,0,120.0,100.0,0.27715,0.97606,16.85,2,98
2,25x25,50,50,,10,4,0.9,0.9,0.005,50,0,120.0,98.0,1.06731,1.88463,57.51,12,86
2,25x25,50,51,,10,4,0.9,0.9,0.005,50,0,120.0,78.0,2.20082,3.56175,120.47,26,52
2,25x25,50,57,,10,4,0.9,0.9,0.005,50,0,120.0,97.0,3.46234,13.5489,180.12,22,75
2,25x25,50,64,,10,4,0.9,0.9,0.005,50,0,120.0,100.0,0.75227,1.60712,51.25,18,82
2,25x25,50,69,,10,4,0.9,0.9,0.005,50,0,120.0,98.0,3.79749,10.77175,218.16,28,70
2,25x25,50,71,,10,4,0.9,0.9,0.005,50,0,120.0,100.0,0.2264,0.22312,16.42,0,100
2,25x25,50,80,,10,4,0.9,0.9,0.005,50,0,120.0,100.0,0.30474,0.82933,20.67,5,95
2,25x25,50,82,,10,4,0.9,0.9,0.005,50,0,120.0,100.0,0.34942,0.57662,24.89,2,98
2,25x25,50,83,,10,4,0.9,0.9,0.005,50,0,120.0,100.0,2.08238,12.61702,112.6,5,95
2,25x25,50,86,,10,4,0.9,0.9,0.005,50,0,120.0,99.0,0.97552,6.17605,63.77,5,94
2,25x25,50,91,,10,4,0.9,0.9,0.005,50,0,120.0,92.0,2.94545,12.56787,154.91,9,83
2,25x25,50,92,,10,4,0.9,0.9,0.005,50,0,120.0,100.0,0.07283,0.03544,6.28,0,100
2,25x25,50,93,,10,4,0.9,0.9,0.005,50,0,120.0,100.0,3.76584,11.90427,211.44,20,80
2,25x25,50,94,,10,4,0.9,0.9,0.005,50,0,120.0,93.0,2.70396,6.35361,134.62,20,73
2,25x25,50,99,,10,4,0.9,0.9,0.005,50,0,120.0,100.0,3.53347,12.22161,200.72,21,79
